id,name,model_id:id,group_id:id,perm_read,perm_write,perm_create,perm_unlink
access_model_aq_portal_member_manager,aq.portal.member manager,aq_admin_portal.model_aq_portal_member,aq_admin_portal.group_aq_portal_manager,1,1,1,1
access_model_aq_portal_member_user,aq.portal.member user,aq_admin_portal.model_aq_portal_member,base.group_user,1,0,0,0
access_model_aq_portal_project_manager,aq.portal.project manager,aq_admin_portal.model_aq_portal_project,aq_admin_portal.group_aq_portal_manager,1,1,1,1
access_model_aq_portal_project_user,aq.portal.project user,aq_admin_portal.model_aq_portal_project,base.group_user,1,0,0,0
access_model_aq_portal_project_date_manager,aq.portal.project.date manager,aq_admin_portal.model_aq_portal_project_date,aq_admin_portal.group_aq_portal_manager,1,1,1,1
access_model_aq_portal_project_date_user,aq.portal.project.date user,aq_admin_portal.model_aq_portal_project_date,base.group_user,1,0,0,0
access_model_aq_portal_procedure_step_manager,aq.portal.procedure.step manager,aq_admin_portal.model_aq_portal_procedure_step,aq_admin_portal.group_aq_portal_manager,1,1,1,1
access_model_aq_portal_procedure_step_user,aq.portal.procedure.step user,aq_admin_portal.model_aq_portal_procedure_step,base.group_user,1,0,0,0
access_model_aq_portal_project_step_manager,aq.portal.project.step manager,aq_admin_portal.model_aq_portal_project_step,aq_admin_portal.group_aq_portal_manager,1,1,1,1
access_model_aq_portal_project_step_user,aq.portal.project.step user,aq_admin_portal.model_aq_portal_project_step,base.group_user,1,0,0,0
access_model_aq_portal_agreement_manager,aq.portal.agreement manager,aq_admin_portal.model_aq_portal_agreement,aq_admin_portal.group_aq_portal_manager,1,1,1,1
access_model_aq_portal_agreement_user,aq.portal.agreement user,aq_admin_portal.model_aq_portal_agreement,base.group_user,1,0,0,0
access_model_aq_portal_invoice_schedule_manager,aq.portal.invoice.schedule manager,aq_admin_portal.model_aq_portal_invoice_schedule,aq_admin_portal.group_aq_portal_manager,1,1,1,1
access_model_aq_portal_invoice_schedule_user,aq.portal.invoice.schedule user,aq_admin_portal.model_aq_portal_invoice_schedule,base.group_user,1,0,0,0
access_model_aq_portal_receivable_manager,aq.portal.receivable manager,aq_admin_portal.model_aq_portal_receivable,aq_admin_portal.group_aq_portal_manager,1,1,1,1
access_model_aq_portal_receivable_user,aq.portal.receivable user,aq_admin_portal.model_aq_portal_receivable,base.group_user,1,0,0,0
access_model_aq_portal_receivable_payment_manager,aq.portal.receivable.payment manager,aq_admin_portal.model_aq_portal_receivable_payment,aq_admin_portal.group_aq_portal_manager,1,1,1,1
access_model_aq_portal_receivable_payment_user,aq.portal.receivable.payment user,aq_admin_portal.model_aq_portal_receivable_payment,base.group_user,1,0,0,0
access_model_aq_portal_payable_manager,aq.portal.payable manager,aq_admin_portal.model_aq_portal_payable,aq_admin_portal.group_aq_portal_manager,1,1,1,1
access_model_aq_portal_payable_user,aq.portal.payable user,aq_admin_portal.model_aq_portal_payable,base.group_user,1,0,0,0
access_model_aq_portal_hour_bucket_manager,aq.portal.hour.bucket manager,aq_admin_portal.model_aq_portal_hour_bucket,aq_admin_portal.group_aq_portal_manager,1,1,1,1
access_model_aq_portal_hour_bucket_user,aq.portal.hour.bucket user,aq_admin_portal.model_aq_portal_hour_bucket,base.group_user,1,0,0,0
access_model_aq_portal_hour_entry_manager,aq.portal.hour.entry manager,aq_admin_portal.model_aq_portal_hour_entry,aq_admin_portal.group_aq_portal_manager,1,1,1,1
access_model_aq_portal_hour_entry_user,aq.portal.hour.entry user,aq_admin_portal.model_aq_portal_hour_entry,base.group_user,1,0,0,0
access_model_aq_portal_deliverable_manager,aq.portal.deliverable manager,aq_admin_portal.model_aq_portal_deliverable,aq_admin_portal.group_aq_portal_manager,1,1,1,1
access_model_aq_portal_deliverable_user,aq.portal.deliverable user,aq_admin_portal.model_aq_portal_deliverable,base.group_user,1,0,0,0
access_model_aq_portal_prospect_manager,aq.portal.prospect manager,aq_admin_portal.model_aq_portal_prospect,aq_admin_portal.group_aq_portal_manager,1,1,1,1
access_model_aq_portal_prospect_user,aq.portal.prospect user,aq_admin_portal.model_aq_portal_prospect,base.group_user,1,0,0,0
access_model_aq_portal_document_manager,aq.portal.document manager,aq_admin_portal.model_aq_portal_document,aq_admin_portal.group_aq_portal_manager,1,1,1,1
access_model_aq_portal_document_user,aq.portal.document user,aq_admin_portal.model_aq_portal_document,base.group_user,1,0,0,0
access_model_aq_portal_legal_item_manager,aq.portal.legal.item manager,aq_admin_portal.model_aq_portal_legal_item,aq_admin_portal.group_aq_portal_manager,1,1,1,1
access_model_aq_portal_legal_item_user,aq.portal.legal.item user,aq_admin_portal.model_aq_portal_legal_item,base.group_user,1,0,0,0
access_model_aq_portal_template_manager,aq.portal.template manager,aq_admin_portal.model_aq_portal_template,aq_admin_portal.group_aq_portal_manager,1,1,1,1
access_model_aq_portal_template_user,aq.portal.template user,aq_admin_portal.model_aq_portal_template,base.group_user,1,0,0,0
access_model_aq_portal_employee_manager,aq.portal.employee manager,aq_admin_portal.model_aq_portal_employee,aq_admin_portal.group_aq_portal_manager,1,1,1,1
access_model_aq_portal_employee_user,aq.portal.employee user,aq_admin_portal.model_aq_portal_employee,base.group_user,1,0,0,0
access_model_aq_portal_employee_document_manager,aq.portal.employee.document manager,aq_admin_portal.model_aq_portal_employee_document,aq_admin_portal.group_aq_portal_manager,1,1,1,1
access_model_aq_portal_employee_document_user,aq.portal.employee.document user,aq_admin_portal.model_aq_portal_employee_document,base.group_user,1,0,0,0
access_model_aq_portal_asset_manager,aq.portal.asset manager,aq_admin_portal.model_aq_portal_asset,aq_admin_portal.group_aq_portal_manager,1,1,1,1
access_model_aq_portal_asset_user,aq.portal.asset user,aq_admin_portal.model_aq_portal_asset,base.group_user,1,0,0,0
access_model_aq_portal_access_manager,aq.portal.access manager,aq_admin_portal.model_aq_portal_access,aq_admin_portal.group_aq_portal_manager,1,1,1,1
access_model_aq_portal_access_user,aq.portal.access user,aq_admin_portal.model_aq_portal_access,base.group_user,1,0,0,0
access_model_aq_portal_employee_event_manager,aq.portal.employee.event manager,aq_admin_portal.model_aq_portal_employee_event,aq_admin_portal.group_aq_portal_manager,1,1,1,1
access_model_aq_portal_employee_event_user,aq.portal.employee.event user,aq_admin_portal.model_aq_portal_employee_event,base.group_user,1,0,0,0
access_model_aq_portal_checklist_item_manager,aq.portal.checklist.item manager,aq_admin_portal.model_aq_portal_checklist_item,aq_admin_portal.group_aq_portal_manager,1,1,1,1
access_model_aq_portal_checklist_item_user,aq.portal.checklist.item user,aq_admin_portal.model_aq_portal_checklist_item,base.group_user,1,0,0,0
access_model_aq_portal_change_request_manager,aq.portal.change.request manager,aq_admin_portal.model_aq_portal_change_request,aq_admin_portal.group_aq_portal_manager,1,1,1,1
access_model_aq_portal_change_request_user,aq.portal.change.request user,aq_admin_portal.model_aq_portal_change_request,base.group_user,1,0,0,0
access_model_aq_portal_vendor_manager,aq.portal.vendor manager,aq_admin_portal.model_aq_portal_vendor,aq_admin_portal.group_aq_portal_manager,1,1,1,1
access_model_aq_portal_vendor_user,aq.portal.vendor user,aq_admin_portal.model_aq_portal_vendor,base.group_user,1,0,0,0
access_model_aq_portal_obligation_manager,aq.portal.obligation manager,aq_admin_portal.model_aq_portal_obligation,aq_admin_portal.group_aq_portal_manager,1,1,1,1
access_model_aq_portal_obligation_user,aq.portal.obligation user,aq_admin_portal.model_aq_portal_obligation,base.group_user,1,0,0,0
access_model_aq_portal_data_inventory_manager,aq.portal.data.inventory manager,aq_admin_portal.model_aq_portal_data_inventory,aq_admin_portal.group_aq_portal_manager,1,1,1,1
access_model_aq_portal_data_inventory_user,aq.portal.data.inventory user,aq_admin_portal.model_aq_portal_data_inventory,base.group_user,1,0,0,0
access_model_aq_portal_risk_manager,aq.portal.risk manager,aq_admin_portal.model_aq_portal_risk,aq_admin_portal.group_aq_portal_manager,1,1,1,1
access_model_aq_portal_risk_user,aq.portal.risk user,aq_admin_portal.model_aq_portal_risk,base.group_user,1,0,0,0
access_model_aq_portal_manual_manager,aq.portal.manual manager,aq_admin_portal.model_aq_portal_manual,aq_admin_portal.group_aq_portal_manager,1,1,1,1
access_model_aq_portal_manual_user,aq.portal.manual user,aq_admin_portal.model_aq_portal_manual,base.group_user,1,0,0,0
access_model_aq_portal_corporate_manager,aq.portal.corporate manager,aq_admin_portal.model_aq_portal_corporate,aq_admin_portal.group_aq_portal_manager,1,1,1,1
access_model_aq_portal_corporate_user,aq.portal.corporate user,aq_admin_portal.model_aq_portal_corporate,base.group_user,1,0,0,0
access_model_aq_portal_tender_manager,aq.portal.tender manager,aq_admin_portal.model_aq_portal_tender,aq_admin_portal.group_aq_portal_manager,1,1,1,1
access_model_aq_portal_tender_user,aq.portal.tender user,aq_admin_portal.model_aq_portal_tender,base.group_user,1,0,0,0
access_model_aq_portal_improvement_manager,aq.portal.improvement manager,aq_admin_portal.model_aq_portal_improvement,aq_admin_portal.group_aq_portal_manager,1,1,1,1
access_model_aq_portal_improvement_user,aq.portal.improvement user,aq_admin_portal.model_aq_portal_improvement,base.group_user,1,0,0,0
access_model_aq_portal_routine_manager,aq.portal.routine manager,aq_admin_portal.model_aq_portal_routine,aq_admin_portal.group_aq_portal_manager,1,1,1,1
access_model_aq_portal_routine_user,aq.portal.routine user,aq_admin_portal.model_aq_portal_routine,base.group_user,1,0,0,0
access_model_aq_portal_routine_run_manager,aq.portal.routine.run manager,aq_admin_portal.model_aq_portal_routine_run,aq_admin_portal.group_aq_portal_manager,1,1,1,1
access_model_aq_portal_routine_run_user,aq.portal.routine.run user,aq_admin_portal.model_aq_portal_routine_run,base.group_user,1,0,0,0
access_model_aq_portal_onboarding_deliverable_manager,aq.portal.onboarding.deliverable manager,aq_admin_portal.model_aq_portal_onboarding_deliverable,aq_admin_portal.group_aq_portal_manager,1,1,1,1
access_model_aq_portal_onboarding_deliverable_user,aq.portal.onboarding.deliverable user,aq_admin_portal.model_aq_portal_onboarding_deliverable,base.group_user,1,0,0,0
access_model_aq_portal_report_manager,aq.portal.report manager,aq_admin_portal.model_aq_portal_report,aq_admin_portal.group_aq_portal_manager,1,1,1,1
access_model_aq_portal_report_user,aq.portal.report user,aq_admin_portal.model_aq_portal_report,base.group_user,1,0,0,0
access_model_aq_portal_alert_manager,aq.portal.alert manager,aq_admin_portal.model_aq_portal_alert,aq_admin_portal.group_aq_portal_manager,1,1,1,1
access_model_aq_portal_alert_user,aq.portal.alert user,aq_admin_portal.model_aq_portal_alert,base.group_user,1,0,0,0
access_model_aq_portal_audit_log_manager,aq.portal.audit.log manager,aq_admin_portal.model_aq_portal_audit_log,aq_admin_portal.group_aq_portal_manager,1,1,1,1
access_model_aq_portal_audit_log_user,aq.portal.audit.log user,aq_admin_portal.model_aq_portal_audit_log,base.group_user,1,0,0,0
access_model_aq_portal_followup_manager,aq.portal.followup manager,aq_admin_portal.model_aq_portal_followup,aq_admin_portal.group_aq_portal_manager,1,1,1,1
access_model_aq_portal_followup_user,aq.portal.followup user,aq_admin_portal.model_aq_portal_followup,base.group_user,1,0,0,0
access_model_aq_portal_meeting_manager,aq.portal.meeting manager,aq_admin_portal.model_aq_portal_meeting,aq_admin_portal.group_aq_portal_manager,1,1,1,1
access_model_aq_portal_meeting_user,aq.portal.meeting user,aq_admin_portal.model_aq_portal_meeting,base.group_user,1,0,0,0
access_model_aq_portal_user_manager,aq.portal.user manager,aq_admin_portal.model_aq_portal_user,aq_admin_portal.group_aq_portal_manager,1,1,1,1
access_model_aq_portal_session_manager,aq.portal.session manager,aq_admin_portal.model_aq_portal_session,aq_admin_portal.group_aq_portal_manager,1,1,1,1
